<?xml version="1.0" encoding="UTF-8" standalone="yes"?>
<component-def xmlns="http://xmlns.oracle.com/cie/gdr/cpd" name="oracle.com.fasterxml.jackson.module.jackson.module.jsonschema" version="2.7.9.0.0" description="Oracle Com Fasterxml Jackson Module Jackson Module Jsonschema" description-key="component.description" gdr-version="1.8.2.0" xmlns:ns2="http://xmlns.oracle.com/cie/stringsubs">
  <file-map symbol="thirdparty.symbol" source="filegroup1.jar" expanded="true" patch="22540742">
    <file source="modules/thirdparty/jackson-module-jsonSchema-2.7.9.jar" dest="modules/thirdparty/jackson-module-jsonSchema-2.7.9.jar" mode="640" action="replacement" group="com.fasterxml.jackson.module" artifact="jackson-module-jsonSchema" version="2.9.5" type="jar"/>
    <file-perms>
      <permission mode="750" regex=".*\.sh" match-dirs="false"/>
      <permission mode="750" regex=".*\.cmd" match-dirs="false"/>
      <permission mode="750" regex=".*\.bat" match-dirs="false"/>
      <permission mode="750" regex=".*\.exe" match-dirs="false"/>
      <permission mode="750" regex=".*\.bin" match-dirs="false"/>
      <permission mode="750" regex=".*\.pl" match-dirs="false"/>
      <permission mode="750" regex=".*\.py" match-dirs="false"/>
      <permission mode="640" regex=".*" match-dirs="false"/>
      <permission mode="750" regex=".*" match-dirs="true"/>
    </file-perms>
  </file-map>
  <libraries/>
</component-def>
